﻿<?xml version="1.0" encoding="utf-8"?>
<key id="4359f81d-f568-4636-b6a4-2dc39fe46032" version="1">
  <creationDate>2020-05-06T19:43:00.1014374Z</creationDate>
  <activationDate>2020-05-06T19:43:00.099533Z</activationDate>
  <expirationDate>2020-08-04T19:43:00.099533Z</expirationDate>
  <descriptor deserializerType="Microsoft.AspNetCore.DataProtection.AuthenticatedEncryption.ConfigurationModel.AuthenticatedEncryptorDescriptorDeserializer, Microsoft.AspNetCore.DataProtection, Version=3.1.3.0, Culture=neutral, PublicKeyToken=adb9793829ddae60">
    <descriptor>
      <encryption algorithm="AES_256_CBC" />
      <validation algorithm="HMACSHA256" />
      <encryptedSecret decryptorType="Microsoft.AspNetCore.DataProtection.XmlEncryption.NullXmlDecryptor, Microsoft.AspNetCore.DataProtection, Version=3.1.3.0, Culture=neutral, PublicKeyToken=adb9793829ddae60" xmlns="http://schemas.asp.net/2015/03/dataProtection">
        <unencryptedKey xmlns="">
          <!-- This key is not encrypted. -->
          <masterKey p6:requiresEncryption="true" xmlns:p6="http://schemas.asp.net/2015/03/dataProtection">
            <!-- Warning: the key below is in an unencrypted form. -->
            <value>aylU0wUdOikH21ffOA7T8pNJaKaJLVmFWeOQXRTp1RVxsxOdQanABnd9VdG/NKrZEBe23s7VwE9QvspTmK2siw==</value>
          </masterKey>
        </unencryptedKey>
      </encryptedSecret>
    </descriptor>
  </descriptor>
</key>