{
  "ContentTypeDefinitionRecords": [
    {
      "Name": "Menu",
      "DisplayName": "Menu",
      "Settings": {
        "ContentTypeSettings": {
          "Listable": true,
          "Draftable": true,
          "Versionable": true
        }
      },
      "ContentTypePartDefinitionRecords": [
        {
          "PartName": "TitlePart",
          "Name": "TitlePart",
          "Settings": {
            "ContentTypePartSettings": {
              "Position": "0"
            }
          }
        },
        {
          "PartName": "AliasPart",
          "Name": "AliasPart",
          "Settings": {
            "AliasPartSettings": {
              "Pattern": "{{ ContentItem | display_text | slugify }}"
            },
            "ContentTypePartSettings": {
              "Position": "1"
            }
          }
        },
        {
          "PartName": "MenuPart",
          "Name": "MenuPart",
          "Settings": {
            "ContentTypePartSettings": {
              "Position": "2"
            }
          }
        },
        {
          "PartName": "MenuItemsListPart",
          "Name": "MenuItemsListPart",
          "Settings": {}
        }
      ]
    },
    {
      "Name": "LinkMenuItem",
      "DisplayName": "Link Menu Item",
      "Settings": {
        "ContentTypeSettings": {
          "Stereotype": "MenuItem"
        }
      },
      "ContentTypePartDefinitionRecords": [
        {
          "PartName": "LinkMenuItemPart",
          "Name": "LinkMenuItemPart",
          "Settings": {
            "ContentTypePartSettings": {
              "Position": "0"
            }
          }
        },
        {
          "PartName": "LinkMenuItem",
          "Name": "LinkMenuItem",
          "Settings": {
            "ContentTypePartSettings": {
              "Position": "1"
            }
          }
        }
      ]
    },
    {
      "Name": "ContentMenuItem",
      "DisplayName": "Content Menu Item",
      "Settings": {
        "ContentTypeSettings": {
          "Stereotype": "MenuItem"
        },
        "FullTextAspectSettings": {}
      },
      "ContentTypePartDefinitionRecords": [
        {
          "PartName": "ContentMenuItemPart",
          "Name": "ContentMenuItemPart",
          "Settings": {
            "ContentTypePartSettings": {
              "Position": "0"
            }
          }
        },
        {
          "PartName": "ContentMenuItem",
          "Name": "ContentMenuItem",
          "Settings": {
            "ContentTypePartSettings": {
              "Position": "1"
            }
          }
        }
      ]
    },
    {
      "Name": "Taxonomy",
      "DisplayName": "Taxonomy",
      "Settings": {
        "ContentTypeSettings": {
          "Creatable": true,
          "Listable": true,
          "Draftable": true,
          "Versionable": true
        }
      },
      "ContentTypePartDefinitionRecords": [
        {
          "PartName": "TitlePart",
          "Name": "TitlePart",
          "Settings": {
            "ContentTypePartSettings": {
              "Position": "1"
            }
          }
        },
        {
          "PartName": "AliasPart",
          "Name": "AliasPart",
          "Settings": {
            "ContentTypePartSettings": {
              "Position": "2"
            },
            "AliasPartSettings": {
              "Pattern": "{{ Model.ContentItem | display_text | slugify }}"
            }
          }
        },
        {
          "PartName": "AutoroutePart",
          "Name": "AutoroutePart",
          "Settings": {
            "ContentTypePartSettings": {
              "Position": "3"
            },
            "AutoroutePartSettings": {
              "Pattern": "{{ Model.ContentItem | display_text | slugify }}",
              "AllowRouteContainedItems": true
            }
          }
        },
        {
          "PartName": "TaxonomyPart",
          "Name": "TaxonomyPart",
          "Settings": {
            "ContentTypePartSettings": {
              "Position": "4"
            }
          }
        }
      ]
    },
    {
      "Name": "Article",
      "DisplayName": "Article",
      "Settings": {
        "ContentTypeSettings": {
          "Creatable": true,
          "Draftable": true,
          "Versionable": true,
          "Listable": true
        }
      },
      "ContentTypePartDefinitionRecords": [
        {
          "PartName": "Article",
          "Name": "Article",
          "Settings": {
            "ContentTypePartSettings": {
              "Position": "2"
            }
          }
        },
        {
          "PartName": "AutoroutePart",
          "Name": "AutoroutePart",
          "Settings": {
            "AutoroutePartSettings": {
              "AllowCustomPath": true,
              "Pattern": "{{ Model.ContentItem | display_text | slugify }}",
              "ShowHomepageOption": true
            },
            "ContentTypePartSettings": {
              "Position": "1"
            }
          }
        },
        {
          "PartName": "HtmlBodyPart",
          "Name": "HtmlBodyPart",
          "Settings": {
            "ContentTypePartSettings": {
              "Editor": "Wysiwyg",
              "Position": "3"
            }
          }
        },
        {
          "PartName": "TitlePart",
          "Name": "TitlePart",
          "Settings": {
            "ContentTypePartSettings": {
              "Position": "0"
            }
          }
        }
      ]
    },
    {
      "Name": "LiquidPage",
      "DisplayName": "Liquid Page",
      "Settings": {
        "ContentTypeSettings": {
          "Creatable": true,
          "Draftable": true,
          "Versionable": true,
          "Listable": true
        }
      },
      "ContentTypePartDefinitionRecords": [
        {
          "PartName": "LiquidPage",
          "Name": "LiquidPage",
          "Settings": {
            "ContentTypePartSettings": {
              "Position": "2"
            }
          }
        },
        {
          "PartName": "AutoroutePart",
          "Name": "AutoroutePart",
          "Settings": {
            "AutoroutePartSettings": {
              "AllowCustomPath": true,
              "Pattern": "{{ Model.ContentItem | display_text | slugify }}",
              "ShowHomepageOption": true
            },
            "ContentTypePartSettings": {
              "Position": "1"
            }
          }
        },
        {
          "PartName": "LiquidPart",
          "Name": "LiquidPart",
          "Settings": {
            "ContentTypePartSettings": {
              "Position": "3"
            }
          }
        },
        {
          "PartName": "TitlePart",
          "Name": "TitlePart",
          "Settings": {
            "ContentTypePartSettings": {
              "Position": "0"
            }
          }
        }
      ]
    },
    {
      "Name": "BlogPost",
      "DisplayName": "Blog Post",
      "Settings": {
        "ContentTypeSettings": {
          "Draftable": true,
          "Versionable": true
        }
      },
      "ContentTypePartDefinitionRecords": [
        {
          "PartName": "TitlePart",
          "Name": "TitlePart",
          "Settings": {
            "ContentTypePartSettings": {
              "Position": "0"
            }
          }
        },
        {
          "PartName": "AutoroutePart",
          "Name": "AutoroutePart",
          "Settings": {
            "ContentTypePartSettings": {
              "Position": "1"
            },
            "AutoroutePartSettings": {
              "AllowCustomPath": true,
              "Pattern": "{{ Model.ContentItem | container | display_text | slugify }}/{{ Model.ContentItem | display_text | slugify }}",
              "ShowHomepageOption": false
            }
          }
        },
        {
          "PartName": "BlogPost",
          "Name": "BlogPost",
          "Settings": {
            "ContentTypePartSettings": {
              "Position": "2"
            }
          }
        },
        {
          "PartName": "MarkdownBodyPart",
          "Name": "MarkdownBodyPart",
          "Settings": {
            "ContentTypePartSettings": {
              "Editor": "Wysiwyg",
              "Position": "3"
            }
          }
        }
      ]
    },
    {
      "Name": "Blog",
      "DisplayName": "Blog",
      "Settings": {
        "ContentTypeSettings": {
          "Creatable": true,
          "Draftable": true,
          "Versionable": true,
          "Listable": true,
          "Securable": true
        }
      },
      "ContentTypePartDefinitionRecords": [
        {
          "PartName": "TitlePart",
          "Name": "TitlePart",
          "Settings": {
            "ContentTypePartSettings": {
              "Position": "0"
            }
          }
        },
        {
          "PartName": "AutoroutePart",
          "Name": "AutoroutePart",
          "Settings": {
            "ContentTypePartSettings": {
              "Position": "1"
            },
            "ContentIndexSettings": {
              "Included": false,
              "Stored": false,
              "Analyzed": false,
              "Sanitized": false,
              "Tokenized": false,
              "Template": null
            },
            "AutoroutePartSettings": {
              "AllowCustomPath": true,
              "Pattern": "{{ Model.ContentItem | display_text | slugify }}",
              "ShowHomepageOption": true
            }
          }
        },
        {
          "PartName": "Blog",
          "Name": "Blog",
          "Settings": {
            "ContentTypePartSettings": {
              "Position": "2"
            }
          }
        },
        {
          "PartName": "HtmlBodyPart",
          "Name": "HtmlBodyPart",
          "Settings": {
            "ContentTypePartSettings": {
              "Position": "3"
            }
          }
        },
        {
          "PartName": "ListPart",
          "Name": "ListPart",
          "Settings": {
            "ContentTypePartSettings": {
              "Position": "4"
            },
            "ListPartSettings": {
              "PageSize": 10,
              "ContainedContentTypes": [
                "BlogPost"
              ]
            }
          }
        }
      ]
    },
    {
      "Name": "Container",
      "DisplayName": "Container",
      "Settings": {
        "ContentTypeSettings": {
          "Draftable": true,
          "Versionable": true,
          "Securable": true,
          "Stereotype": "Widget"
        }
      },
      "ContentTypePartDefinitionRecords": [
        {
          "PartName": "Container",
          "Name": "Container",
          "Settings": {
            "ContentTypePartSettings": {
              "Position": "0"
            }
          }
        },
        {
          "PartName": "FlowPart",
          "Name": "FlowPart",
          "Settings": {
            "ContentTypePartSettings": {
              "Position": "1"
            }
          }
        }
      ]
    },
    {
      "Name": "Blockquote",
      "DisplayName": "Blockquote",
      "Settings": {
        "ContentTypeSettings": {
          "Draftable": true,
          "Versionable": true,
          "Securable": true,
          "Stereotype": "Widget"
        }
      },
      "ContentTypePartDefinitionRecords": [
        {
          "PartName": "Blockquote",
          "Name": "Blockquote",
          "Settings": {
            "ContentTypePartSettings": {
              "Position": "0"
            }
          }
        }
      ]
    },
    {
      "Name": "ImageWidget",
      "DisplayName": "Image",
      "Settings": {
        "ContentTypeSettings": {
          "Draftable": true,
          "Versionable": true,
          "Securable": true,
          "Stereotype": "Widget"
        }
      },
      "ContentTypePartDefinitionRecords": [
        {
          "PartName": "Image",
          "Name": "Image",
          "Settings": {
            "ContentTypePartSettings": {
              "Position": "0"
            }
          }
        }
      ]
    },
    {
      "Name": "LiquidWidget",
      "DisplayName": "Liquid",
      "Settings": {
        "ContentTypeSettings": {
          "Draftable": true,
          "Versionable": true,
          "Securable": true,
          "Listable": true,
          "Stereotype": "Widget"
        }
      },
      "ContentTypePartDefinitionRecords": [
        {
          "PartName": "LiquidPart",
          "Name": "LiquidPart",
          "Settings": {
            "ContentTypePartSettings": {
              "Position": "0"
            }
          }
        }
      ]
    },
    {
      "Name": "Image",
      "DisplayName": "Image",
      "Settings": {
        "ContentTypeSettings": {
          "Versionable": true
        }
      },
      "ContentTypePartDefinitionRecords": [
        {
          "PartName": "Image",
          "Name": "Image",
          "Settings": {
            "ContentTypePartSettings": {
              "Position": "0"
            }
          }
        },
        {
          "PartName": "TitlePart",
          "Name": "TitlePart",
          "Settings": {
            "ContentTypePartSettings": {
              "Position": "0"
            }
          }
        }
      ]
    },
    {
      "Name": "Paragraph",
      "DisplayName": "Paragraph",
      "Settings": {
        "ContentTypeSettings": {
          "Draftable": true,
          "Versionable": true,
          "Securable": true,
          "Stereotype": "Widget"
        }
      },
      "ContentTypePartDefinitionRecords": [
        {
          "PartName": "Paragraph",
          "Name": "Paragraph",
          "Settings": {
            "ContentTypePartSettings": {
              "Position": "0"
            }
          }
        }
      ]
    },
    {
      "Name": "RawHtml",
      "DisplayName": "Raw Html",
      "Settings": {
        "ContentTypeSettings": {
          "Draftable": true,
          "Versionable": true,
          "Securable": true,
          "Stereotype": "Widget"
        }
      },
      "ContentTypePartDefinitionRecords": [
        {
          "PartName": "RawHtml",
          "Name": "RawHtml",
          "Settings": {
            "ContentTypePartSettings": {
              "Position": "0"
            }
          }
        }
      ]
    },
    {
      "Name": "Page",
      "DisplayName": "Page",
      "Settings": {
        "ContentTypeSettings": {
          "Creatable": true,
          "Draftable": true,
          "Versionable": true,
          "Listable": true,
          "Securable": true
        }
      },
      "ContentTypePartDefinitionRecords": [
        {
          "PartName": "Page",
          "Name": "Page",
          "Settings": {
            "ContentTypePartSettings": {
              "Position": "3"
            }
          }
        },
        {
          "PartName": "AutoroutePart",
          "Name": "AutoroutePart",
          "Settings": {
            "ContentTypePartSettings": {
              "Position": "1"
            },
            "AutoroutePartSettings": {
              "AllowCustomPath": true,
              "Pattern": "{{ Model.ContentItem | display_text | slugify }}",
              "ShowHomepageOption": true
            }
          }
        },
        {
          "PartName": "FlowPart",
          "Name": "FlowPart",
          "Settings": {
            "ContentTypePartSettings": {
              "Position": "2"
            }
          }
        },
        {
          "PartName": "TitlePart",
          "Name": "TitlePart",
          "Settings": {
            "ContentTypePartSettings": {
              "Position": "0"
            }
          }
        }
      ]
    },
    {
      "Name": "Tag",
      "DisplayName": "Tag",
      "Settings": {
        "ContentTypeSettings": {},
        "FullTextAspectSettings": {}
      },
      "ContentTypePartDefinitionRecords": [
        {
          "PartName": "Tag",
          "Name": "Tag",
          "Settings": {
            "ContentTypePartSettings": {
              "Position": "1"
            }
          }
        },
        {
          "PartName": "TitlePart",
          "Name": "TitlePart",
          "Settings": {
            "ContentTypePartSettings": {
              "Position": "0"
            }
          }
        },
        {
          "PartName": "AutoroutePart",
          "Name": "AutoroutePart",
          "Settings": {
            "ContentTypePartSettings": {
              "Position": "2"
            },
            "AutoroutePartSettings": {
              "AllowCustomPath": true,
              "Pattern": "{{ Model.ContentItem | display_text | slugify }}",
              "ManageContainedItemRoutes": true
            }
          }
        }
      ]
    },
    {
      "Name": "Category",
      "DisplayName": "Category",
      "Settings": {
        "ContentTypeSettings": {},
        "FullTextAspectSettings": {}
      },
      "ContentTypePartDefinitionRecords": [
        {
          "PartName": "Category",
          "Name": "Category",
          "Settings": {
            "ContentTypePartSettings": {
              "Position": "1"
            }
          }
        },
        {
          "PartName": "TitlePart",
          "Name": "TitlePart",
          "Settings": {
            "ContentTypePartSettings": {
              "Position": "0"
            }
          }
        },
        {
          "PartName": "AutoroutePart",
          "Name": "AutoroutePart",
          "Settings": {
            "ContentTypePartSettings": {
              "Position": "2"
            },
            "AutoroutePartSettings": {
              "AllowCustomPath": true,
              "Pattern": "{{ Model.ContentItem | display_text | slugify }}",
              "ManageContainedItemRoutes": true
            }
          }
        }
      ]
    }
  ],
  "ContentPartDefinitionRecords": [
    {
      "Name": "LiquidPart",
      "Settings": {
        "ContentPartSettings": {}
      },
      "ContentPartFieldDefinitionRecords": []
    },
    {
      "Name": "CommonPart",
      "Settings": {
        "ContentPartSettings": {
          "Attachable": true,
          "Description": "Provides an editor for the common properties of a content item."
        }
      },
      "ContentPartFieldDefinitionRecords": []
    },
    {
      "Name": "AliasPart",
      "Settings": {
        "ContentPartSettings": {
          "Attachable": true,
          "Description": "Provides a way to define custom aliases for content items."
        }
      },
      "ContentPartFieldDefinitionRecords": []
    },
    {
      "Name": "AutoroutePart",
      "Settings": {
        "ContentPartSettings": {
          "Attachable": true,
          "Description": "Provides a custom url for your content item."
        }
      },
      "ContentPartFieldDefinitionRecords": []
    },
    {
      "Name": "PreviewPart",
      "Settings": {
        "ContentPartSettings": {
          "Attachable": true,
          "Description": "Provides a way to define the url that is used to render your content item."
        }
      },
      "ContentPartFieldDefinitionRecords": []
    },
    {
      "Name": "WidgetsListPart",
      "Settings": {
        "ContentPartSettings": {
          "Attachable": true,
          "Description": "Provides a way to add widgets per content items."
        }
      },
      "ContentPartFieldDefinitionRecords": []
    },
    {
      "Name": "FlowPart",
      "Settings": {
        "ContentPartSettings": {
          "Attachable": true,
          "Description": "Provides a customizable body for your content item."
        }
      },
      "ContentPartFieldDefinitionRecords": []
    },
    {
      "Name": "BagPart",
      "Settings": {
        "ContentPartSettings": {
          "Attachable": true,
          "Reusable": true,
          "Description": "Provides a collection behavior for your content item."
        }
      },
      "ContentPartFieldDefinitionRecords": []
    },
    {
      "Name": "HtmlBodyPart",
      "Settings": {
        "ContentPartSettings": {
          "Attachable": true,
          "Description": "Provides an HTML Body for your content item."
        }
      },
      "ContentPartFieldDefinitionRecords": []
    },
    {
      "Name": "ListPart",
      "Settings": {
        "ContentPartSettings": {
          "Attachable": true,
          "Description": "Add a list behavior."
        }
      },
      "ContentPartFieldDefinitionRecords": []
    },
    {
      "Name": "MarkdownBodyPart",
      "Settings": {
        "ContentPartSettings": {
          "Attachable": true,
          "Description": "Provides a Markdown formatted body for your content item."
        }
      },
      "ContentPartFieldDefinitionRecords": []
    },
    {
      "Name": "TitlePart",
      "Settings": {
        "ContentPartSettings": {
          "Attachable": true,
          "Description": "Provides a Title for your content item.",
          "DefaultPosition": "0"
        }
      },
      "ContentPartFieldDefinitionRecords": []
    },
    {
      "Name": "MenuPart",
      "Settings": {},
      "ContentPartFieldDefinitionRecords": []
    },
    {
      "Name": "MenuItemPart",
      "Settings": {},
      "ContentPartFieldDefinitionRecords": []
    },
    {
      "Name": "LinkMenuItemPart",
      "Settings": {
        "ContentPartSettings": {
          "Attachable": true,
          "Description": "Provides a menu link behavior for your content item."
        }
      },
      "ContentPartFieldDefinitionRecords": []
    },
    {
      "Name": "ContentMenuItemPart",
      "Settings": {
        "ContentPartSettings": {
          "Attachable": true,
          "DisplayName": "Content Menu Item",
          "Description": "Provides a menu link behavior with the Content Picker for your content item."
        }
      },
      "ContentPartFieldDefinitionRecords": [
        {
          "FieldName": "ContentPickerField",
          "Name": "SelectedContentItem",
          "Settings": {
            "ContentPartFieldSettings": {
              "DisplayName": "Selected Content Item",
              "Position": "0"
            },
            "ContentPickerFieldSettings": {
              "Required": true,
              "DisplayAllContentTypes": true,
              "DisplayedContentTypes": []
            },
            "ContentIndexSettings": {}
          }
        }
      ]
    },
    {
      "Name": "Blog",
      "Settings": {},
      "ContentPartFieldDefinitionRecords": [
        {
          "FieldName": "MediaField",
          "Name": "Image",
          "Settings": {
            "ContentPartFieldSettings": {
              "DisplayName": "Banner Image",
              "Position": "0"
            },
            "ContentIndexSettings": {
              "Included": false,
              "Stored": false,
              "Analyzed": false,
              "Sanitized": false,
              "Tokenized": false,
              "Template": null
            },
            "MediaFieldSettings": {
              "Required": true,
              "Multiple": false
            }
          }
        }
      ]
    },
    {
      "Name": "BlogPost",
      "Settings": {},
      "ContentPartFieldDefinitionRecords": [
        {
          "FieldName": "TextField",
          "Name": "Subtitle",
          "Settings": {
            "ContentPartFieldSettings": {
              "DisplayName": "Subtitle",
              "Position": "0"
            }
          }
        },
        {
          "FieldName": "MediaField",
          "Name": "Image",
          "Settings": {
            "ContentPartFieldSettings": {
              "DisplayName": "Banner Image",
              "Position": "1"
            },
            "ContentIndexSettings": {
              "Included": false,
              "Stored": false,
              "Analyzed": false,
              "Sanitized": false,
              "Tokenized": false,
              "Template": null
            },
            "MediaFieldSettings": {
              "Required": true,
              "Multiple": false
            }
          }
        },
        {
          "FieldName": "TaxonomyField",
          "Name": "Tags",
          "Settings": {
            "ContentPartFieldSettings": {
              "DisplayName": "Tags",
              "Editor": "Tags",
              "DisplayMode": "Tags",
              "Position": "2"
            },
            "ContentIndexSettings": {},
            "TaxonomyFieldSettings": {
              "Required": true,
              "TaxonomyContentItemId": "4d0ed7ejtq1qsydh0gbe6mtcx3"
            },
            "TaxonomyFieldTagsEditorSettings": {}
          }
        },
        {
          "FieldName": "TaxonomyField",
          "Name": "Category",
          "Settings": {
            "ContentPartFieldSettings": {
              "DisplayName": "Category",
              "Position": "3"
            },
            "ContentIndexSettings": {},
            "TaxonomyFieldSettings": {
              "Required": true,
              "TaxonomyContentItemId": "4ek0rvyqpmva2v3mjxf04t48ds",
              "Unique": true,
              "LeavesOnly": true
            }
          }
        }
      ]
    },
    {
      "Name": "Article",
      "Settings": {},
      "ContentPartFieldDefinitionRecords": [
        {
          "FieldName": "TextField",
          "Name": "Subtitle",
          "Settings": {
            "ContentPartFieldSettings": {
              "DisplayName": "Subtitle",
              "Position": "0"
            }
          }
        },
        {
          "FieldName": "MediaField",
          "Name": "Image",
          "Settings": {
            "ContentPartFieldSettings": {
              "DisplayName": "Banner Image",
              "Position": "0"
            },
            "MediaFieldSettings": {
              "Required": false,
              "Multiple": false
            }
          }
        }
      ]
    },
    {
      "Name": "Blockquote",
      "Settings": {},
      "ContentPartFieldDefinitionRecords": [
        {
          "FieldName": "TextField",
          "Name": "Quote",
          "Settings": {
            "ContentPartFieldSettings": {
              "DisplayName": "Quote",
              "Editor": "TextArea",
              "Position": "0"
            }
          }
        }
      ]
    },
    {
      "Name": "Image",
      "Settings": {
        "Attachable": true
      },
      "ContentPartFieldDefinitionRecords": [
        {
          "FieldName": "MediaField",
          "Name": "Media",
          "Settings": {
            "ContentPartFieldSettings": {
              "DisplayName": "Image",
              "Position": "0"
            },
            "MediaFieldSettings": {
              "Multiple": false,
              "Required": true
            }
          }
        },
        {
          "FieldName": "TextField",
          "Name": "Caption",
          "Settings": {
            "ContentPartFieldSettings": {
              "DisplayName": "Caption",
              "Position": "1"
            },
            "TextFieldSettings": {
              "Hint": "A description of the image used as title or alternate text"
            }
          }
        }
      ]
    },
    {
      "Name": "Paragraph",
      "Settings": {},
      "ContentPartFieldDefinitionRecords": [
        {
          "FieldName": "HtmlField",
          "Name": "Content",
          "Settings": {
            "ContentPartFieldSettings": {
              "DisplayName": "Content",
              "Position": "0",
              "Editor": "Wysiwyg"
            }
          }
        }
      ]
    },
    {
      "Name": "RawHtml",
      "Settings": {},
      "ContentPartFieldDefinitionRecords": [
        {
          "FieldName": "HtmlField",
          "Name": "Content",
          "Settings": {
            "ContentPartFieldSettings": {
              "DisplayName": "Content",
              "Position": "0",
              "Editor": "Multiline"
            }
          }
        }
      ]
    },
    {
      "Name": "Category",
      "Settings": {},
      "ContentPartFieldDefinitionRecords": [
        {
          "FieldName": "TextField",
          "Name": "Icon",
          "Settings": {
            "ContentPartFieldSettings": {
              "DisplayName": "Icon",
              "Editor": "IconPicker",
              "Position": "0"
            },
            "TextFieldSettings": {
              "Required": true
            },
            "ContentIndexSettings": {}
          }
        }
      ]
    }
  ],
  "Serial": 106
}